STRUCTURE,STRUCTURE_ID,STRUCTURE_NAME,freq,Time frequency,unit,Unit of measure,na_item,National accounts indicator (ESA 2010),sector,Sector,geo,Geopolitical entity (reporting),TIME_PERIOD,Time,OBS_VALUE,Observation value,OBS_FLAG,Observation status (Flag) V2 structure,CONF_STATUS,Confidentiality status (flag)
dataflow,ESTAT:TEC00023(1.0),Total general government expenditure,A,Annual,PC_GDP,Percentage of gross domestic product (GDP),TE,Total general government expenditure,S13,General government,AT,Austria,2013,,52.4,,,,,
dataflow,ESTAT:TEC00023(1.0),Total general government expenditure,A,Annual,PC_GDP,Percentage of gross domestic product (GDP),TE,Total general government expenditure,S13,General government,AT,Austria,2014,,52.4,,,,,
dataflow,ESTAT:TEC00023(1.0),Total general government expenditure,A,Annual,PC_GDP,Percentage of gross domestic product (GDP),TE,Total general government expenditure,S13,General government,AT,Austria,2015,,51.2,,,,,
dataflow,ESTAT:TEC00023(1.0),Total general government expenditure,A,Annual,PC_GDP,Percentage of gross domestic product (GDP),TE,Total general government expenditure,S13,General government,AT,Austria,2016,,50.6,,,,,
dataflow,ESTAT:TEC00023(1.0),Total general government expenditure,A,Annual,PC_GDP,Percentage of gross domestic product (GDP),TE,Total general government expenditure,S13,General government,AT,Austria,2017,,49.8,,,,,
dataflow,ESTAT:TEC00023(1.0),Total general government expenditure,A,Annual,PC_GDP,Percentage of gross domestic product (GDP),TE,Total general government expenditure,S13,General government,AT,Austria,2018,,49.2,,,,,
dataflow,ESTAT:TEC00023(1.0),Total general government expenditure,A,Annual,PC_GDP,Percentage of gross domestic product (GDP),TE,Total general government expenditure,S13,General government,AT,Austria,2019,,49.1,,,,,
dataflow,ESTAT:TEC00023(1.0),Total general government expenditure,A,Annual,PC_GDP,Percentage of gross domestic product (GDP),TE,Total general government expenditure,S13,General government,AT,Austria,2020,,57.3,,,,,
dataflow,ESTAT:TEC00023(1.0),Total general government expenditure,A,Annual,PC_GDP,Percentage of gross domestic product (GDP),TE,Total general government expenditure,S13,General government,AT,Austria,2021,,56.0,,,,,
dataflow,ESTAT:TEC00023(1.0),Total general government expenditure,A,Annual,PC_GDP,Percentage of gross domestic product (GDP),TE,Total general government expenditure,S13,General government,AT,Austria,2022,,53.1,,,,,
dataflow,ESTAT:TEC00023(1.0),Total general government expenditure,A,Annual,PC_GDP,Percentage of gross domestic product (GDP),TE,Total general government expenditure,S13,General government,AT,Austria,2023,,52.7,,,,,
dataflow,ESTAT:TEC00023(1.0),Total general government expenditure,A,Annual,PC_GDP,Percentage of gross domestic product (GDP),TE,Total general government expenditure,S13,General government,AT,Austria,2024,,56.3,,,,,
dataflow,ESTAT:TEC00023(1.0),Total general government expenditure,A,Annual,PC_GDP,Percentage of gross domestic product (GDP),TE,Total general government expenditure,S13,General government,BE,Belgium,2013,,55.9,,,,,
dataflow,ESTAT:TEC00023(1.0),Total general government expenditure,A,Annual,PC_GDP,Percentage of gross domestic product (GDP),TE,Total general government expenditure,S13,General government,BE,Belgium,2014,,55.4,,,,,
dataflow,ESTAT:TEC00023(1.0),Total general government expenditure,A,Annual,PC_GDP,Percentage of gross domestic product (GDP),TE,Total general government expenditure,S13,General government,BE,Belgium,2015,,53.9,,,,,
dataflow,ESTAT:TEC00023(1.0),Total general government expenditure,A,Annual,PC_GDP,Percentage of gross domestic product (GDP),TE,Total general government expenditure,S13,General government,BE,Belgium,2016,,53.4,,,,,
dataflow,ESTAT:TEC00023(1.0),Total general government expenditure,A,Annual,PC_GDP,Percentage of gross domestic product (GDP),TE,Total general government expenditure,S13,General government,BE,Belgium,2017,,52.3,,,,,
dataflow,ESTAT:TEC00023(1.0),Total general government expenditure,A,Annual,PC_GDP,Percentage of gross domestic product (GDP),TE,Total general government expenditure,S13,General government,BE,Belgium,2018,,52.5,,,,,
dataflow,ESTAT:TEC00023(1.0),Total general government expenditure,A,Annual,PC_GDP,Percentage of gross domestic product (GDP),TE,Total general government expenditure,S13,General government,BE,Belgium,2019,,51.8,,,,,
dataflow,ESTAT:TEC00023(1.0),Total general government expenditure,A,Annual,PC_GDP,Percentage of gross domestic product (GDP),TE,Total general government expenditure,S13,General government,BE,Belgium,2020,,58.5,,,,,
dataflow,ESTAT:TEC00023(1.0),Total general government expenditure,A,Annual,PC_GDP,Percentage of gross domestic product (GDP),TE,Total general government expenditure,S13,General government,BE,Belgium,2021,,54.9,,,,,
dataflow,ESTAT:TEC00023(1.0),Total general government expenditure,A,Annual,PC_GDP,Percentage of gross domestic product (GDP),TE,Total general government expenditure,S13,General government,BE,Belgium,2022,,52.3,,,,,
dataflow,ESTAT:TEC00023(1.0),Total general government expenditure,A,Annual,PC_GDP,Percentage of gross domestic product (GDP),TE,Total general government expenditure,S13,General government,BE,Belgium,2023,,53.3,,,,,
dataflow,ESTAT:TEC00023(1.0),Total general government expenditure,A,Annual,PC_GDP,Percentage of gross domestic product (GDP),TE,Total general government expenditure,S13,General government,BE,Belgium,2024,,54.5,,p,provisional,,
dataflow,ESTAT:TEC00023(1.0),Total general government expenditure,A,Annual,PC_GDP,Percentage of gross domestic product (GDP),TE,Total general government expenditure,S13,General government,BG,Bulgaria,2013,,37.8,,,,,
dataflow,ESTAT:TEC00023(1.0),Total general government expenditure,A,Annual,PC_GDP,Percentage of gross domestic product (GDP),TE,Total general government expenditure,S13,General government,BG,Bulgaria,2014,,43.2,,,,,
dataflow,ESTAT:TEC00023(1.0),Total general government expenditure,A,Annual,PC_GDP,Percentage of gross domestic product (GDP),TE,Total general government expenditure,S13,General government,BG,Bulgaria,2015,,40.4,,,,,
dataflow,ESTAT:TEC00023(1.0),Total general government expenditure,A,Annual,PC_GDP,Percentage of gross domestic product (GDP),TE,Total general government expenditure,S13,General government,BG,Bulgaria,2016,,34.8,,,,,
dataflow,ESTAT:TEC00023(1.0),Total general government expenditure,A,Annual,PC_GDP,Percentage of gross domestic product (GDP),TE,Total general government expenditure,S13,General government,BG,Bulgaria,2017,,34.8,,,,,
dataflow,ESTAT:TEC00023(1.0),Total general government expenditure,A,Annual,PC_GDP,Percentage of gross domestic product (GDP),TE,Total general government expenditure,S13,General government,BG,Bulgaria,2018,,37.0,,,,,
dataflow,ESTAT:TEC00023(1.0),Total general government expenditure,A,Annual,PC_GDP,Percentage of gross domestic product (GDP),TE,Total general government expenditure,S13,General government,BG,Bulgaria,2019,,36.4,,,,,
dataflow,ESTAT:TEC00023(1.0),Total general government expenditure,A,Annual,PC_GDP,Percentage of gross domestic product (GDP),TE,Total general government expenditure,S13,General government,BG,Bulgaria,2020,,41.3,,,,,
dataflow,ESTAT:TEC00023(1.0),Total general government expenditure,A,Annual,PC_GDP,Percentage of gross domestic product (GDP),TE,Total general government expenditure,S13,General government,BG,Bulgaria,2021,,41.5,,,,,
dataflow,ESTAT:TEC00023(1.0),Total general government expenditure,A,Annual,PC_GDP,Percentage of gross domestic product (GDP),TE,Total general government expenditure,S13,General government,BG,Bulgaria,2022,,41.3,,,,,
dataflow,ESTAT:TEC00023(1.0),Total general government expenditure,A,Annual,PC_GDP,Percentage of gross domestic product (GDP),TE,Total general government expenditure,S13,General government,BG,Bulgaria,2023,,38.8,,,,,
dataflow,ESTAT:TEC00023(1.0),Total general government expenditure,A,Annual,PC_GDP,Percentage of gross domestic product (GDP),TE,Total general government expenditure,S13,General government,BG,Bulgaria,2024,,39.8,,,,,
dataflow,ESTAT:TEC00023(1.0),Total general government expenditure,A,Annual,PC_GDP,Percentage of gross domestic product (GDP),TE,Total general government expenditure,S13,General government,CH,Switzerland,2013,,33.6,,,,,
dataflow,ESTAT:TEC00023(1.0),Total general government expenditure,A,Annual,PC_GDP,Percentage of gross domestic product (GDP),TE,Total general government expenditure,S13,General government,CH,Switzerland,2014,,33.3,,,,,
dataflow,ESTAT:TEC00023(1.0),Total general government expenditure,A,Annual,PC_GDP,Percentage of gross domestic product (GDP),TE,Total general government expenditure,S13,General government,CH,Switzerland,2015,,33.6,,,,,
dataflow,ESTAT:TEC00023(1.0),Total general government expenditure,A,Annual,PC_GDP,Percentage of gross domestic product (GDP),TE,Total general government expenditure,S13,General government,CH,Switzerland,2016,,33.7,,,,,
dataflow,ESTAT:TEC00023(1.0),Total general government expenditure,A,Annual,PC_GDP,Percentage of gross domestic product (GDP),TE,Total general government expenditure,S13,General government,CH,Switzerland,2017,,33.7,,,,,
dataflow,ESTAT:TEC00023(1.0),Total general government expenditure,A,Annual,PC_GDP,Percentage of gross domestic product (GDP),TE,Total general government expenditure,S13,General government,CH,Switzerland,2018,,33.0,,,,,
dataflow,ESTAT:TEC00023(1.0),Total general government expenditure,A,Annual,PC_GDP,Percentage of gross domestic product (GDP),TE,Total general government expenditure,S13,General government,CH,Switzerland,2019,,33.3,,,,,
dataflow,ESTAT:TEC00023(1.0),Total general government expenditure,A,Annual,PC_GDP,Percentage of gross domestic product (GDP),TE,Total general government expenditure,S13,General government,CH,Switzerland,2020,,38.3,,,,,
dataflow,ESTAT:TEC00023(1.0),Total general government expenditure,A,Annual,PC_GDP,Percentage of gross domestic product (GDP),TE,Total general government expenditure,S13,General government,CH,Switzerland,2021,,35.8,,,,,
dataflow,ESTAT:TEC00023(1.0),Total general government expenditure,A,Annual,PC_GDP,Percentage of gross domestic product (GDP),TE,Total general government expenditure,S13,General government,CH,Switzerland,2022,,33.2,,,,,
dataflow,ESTAT:TEC00023(1.0),Total general government expenditure,A,Annual,PC_GDP,Percentage of gross domestic product (GDP),TE,Total general government expenditure,S13,General government,CH,Switzerland,2023,,33.6,,,,,
dataflow,ESTAT:TEC00023(1.0),Total general government expenditure,A,Annual,PC_GDP,Percentage of gross domestic product (GDP),TE,Total general government expenditure,S13,General government,CY,Cyprus,2013,,46.3,,,,,
dataflow,ESTAT:TEC00023(1.0),Total general government expenditure,A,Annual,PC_GDP,Percentage of gross domestic product (GDP),TE,Total general government expenditure,S13,General government,CY,Cyprus,2014,,52.1,,,,,
dataflow,ESTAT:TEC00023(1.0),Total general government expenditure,A,Annual,PC_GDP,Percentage of gross domestic product (GDP),TE,Total general government expenditure,S13,General government,CY,Cyprus,2015,,43.1,,,,,
dataflow,ESTAT:TEC00023(1.0),Total general government expenditure,A,Annual,PC_GDP,Percentage of gross domestic product (GDP),TE,Total general government expenditure,S13,General government,CY,Cyprus,2016,,39.6,,,,,
dataflow,ESTAT:TEC00023(1.0),Total general government expenditure,A,Annual,PC_GDP,Percentage of gross domestic product (GDP),TE,Total general government expenditure,S13,General government,CY,Cyprus,2017,,38.5,,,,,
dataflow,ESTAT:TEC00023(1.0),Total general government expenditure,A,Annual,PC_GDP,Percentage of gross domestic product (GDP),TE,Total general government expenditure,S13,General government,CY,Cyprus,2018,,44.3,,,,,
dataflow,ESTAT:TEC00023(1.0),Total general government expenditure,A,Annual,PC_GDP,Percentage of gross domestic product (GDP),TE,Total general government expenditure,S13,General government,CY,Cyprus,2019,,40.3,,,,,
dataflow,ESTAT:TEC00023(1.0),Total general government expenditure,A,Annual,PC_GDP,Percentage of gross domestic product (GDP),TE,Total general government expenditure,S13,General government,CY,Cyprus,2020,,45.9,,,,,
dataflow,ESTAT:TEC00023(1.0),Total general government expenditure,A,Annual,PC_GDP,Percentage of gross domestic product (GDP),TE,Total general government expenditure,S13,General government,CY,Cyprus,2021,,42.7,,,,,
dataflow,ESTAT:TEC00023(1.0),Total general government expenditure,A,Annual,PC_GDP,Percentage of gross domestic product (GDP),TE,Total general government expenditure,S13,General government,CY,Cyprus,2022,,38.1,,,,,
dataflow,ESTAT:TEC00023(1.0),Total general government expenditure,A,Annual,PC_GDP,Percentage of gross domestic product (GDP),TE,Total general government expenditure,S13,General government,CY,Cyprus,2023,,42.0,,,,,
dataflow,ESTAT:TEC00023(1.0),Total general government expenditure,A,Annual,PC_GDP,Percentage of gross domestic product (GDP),TE,Total general government expenditure,S13,General government,CY,Cyprus,2024,,40.0,,,,,
dataflow,ESTAT:TEC00023(1.0),Total general government expenditure,A,Annual,PC_GDP,Percentage of gross domestic product (GDP),TE,Total general government expenditure,S13,General government,CZ,Czechia,2013,,42.4,,,,,
dataflow,ESTAT:TEC00023(1.0),Total general government expenditure,A,Annual,PC_GDP,Percentage of gross domestic product (GDP),TE,Total general government expenditure,S13,General government,CZ,Czechia,2014,,42.3,,,,,
dataflow,ESTAT:TEC00023(1.0),Total general government expenditure,A,Annual,PC_GDP,Percentage of gross domestic product (GDP),TE,Total general government expenditure,S13,General government,CZ,Czechia,2015,,41.7,,,,,
dataflow,ESTAT:TEC00023(1.0),Total general government expenditure,A,Annual,PC_GDP,Percentage of gross domestic product (GDP),TE,Total general government expenditure,S13,General government,CZ,Czechia,2016,,39.4,,,,,
dataflow,ESTAT:TEC00023(1.0),Total general government expenditure,A,Annual,PC_GDP,Percentage of gross domestic product (GDP),TE,Total general government expenditure,S13,General government,CZ,Czechia,2017,,38.5,,,,,
dataflow,ESTAT:TEC00023(1.0),Total general government expenditure,A,Annual,PC_GDP,Percentage of gross domestic product (GDP),TE,Total general government expenditure,S13,General government,CZ,Czechia,2018,,40.1,,,,,
dataflow,ESTAT:TEC00023(1.0),Total general government expenditure,A,Annual,PC_GDP,Percentage of gross domestic product (GDP),TE,Total general government expenditure,S13,General government,CZ,Czechia,2019,,40.4,,,,,
dataflow,ESTAT:TEC00023(1.0),Total general government expenditure,A,Annual,PC_GDP,Percentage of gross domestic product (GDP),TE,Total general government expenditure,S13,General government,CZ,Czechia,2020,,46.3,,,,,
dataflow,ESTAT:TEC00023(1.0),Total general government expenditure,A,Annual,PC_GDP,Percentage of gross domestic product (GDP),TE,Total general government expenditure,S13,General government,CZ,Czechia,2021,,45.0,,,,,
dataflow,ESTAT:TEC00023(1.0),Total general government expenditure,A,Annual,PC_GDP,Percentage of gross domestic product (GDP),TE,Total general government expenditure,S13,General government,CZ,Czechia,2022,,43.0,,,,,
dataflow,ESTAT:TEC00023(1.0),Total general government expenditure,A,Annual,PC_GDP,Percentage of gross domestic product (GDP),TE,Total general government expenditure,S13,General government,CZ,Czechia,2023,,43.9,,,,,
dataflow,ESTAT:TEC00023(1.0),Total general government expenditure,A,Annual,PC_GDP,Percentage of gross domestic product (GDP),TE,Total general government expenditure,S13,General government,CZ,Czechia,2024,,43.0,,,,,
dataflow,ESTAT:TEC00023(1.0),Total general government expenditure,A,Annual,PC_GDP,Percentage of gross domestic product (GDP),TE,Total general government expenditure,S13,General government,DE,Germany,2013,,45.2,,,,,
dataflow,ESTAT:TEC00023(1.0),Total general government expenditure,A,Annual,PC_GDP,Percentage of gross domestic product (GDP),TE,Total general government expenditure,S13,General government,DE,Germany,2014,,44.5,,,,,
dataflow,ESTAT:TEC00023(1.0),Total general government expenditure,A,Annual,PC_GDP,Percentage of gross domestic product (GDP),TE,Total general government expenditure,S13,General government,DE,Germany,2015,,44.5,,,,,
dataflow,ESTAT:TEC00023(1.0),Total general government expenditure,A,Annual,PC_GDP,Percentage of gross domestic product (GDP),TE,Total general government expenditure,S13,General government,DE,Germany,2016,,44.7,,,,,
dataflow,ESTAT:TEC00023(1.0),Total general government expenditure,A,Annual,PC_GDP,Percentage of gross domestic product (GDP),TE,Total general government expenditure,S13,General government,DE,Germany,2017,,44.6,,,,,
dataflow,ESTAT:TEC00023(1.0),Total general government expenditure,A,Annual,PC_GDP,Percentage of gross domestic product (GDP),TE,Total general government expenditure,S13,General government,DE,Germany,2018,,44.7,,,,,
dataflow,ESTAT:TEC00023(1.0),Total general government expenditure,A,Annual,PC_GDP,Percentage of gross domestic product (GDP),TE,Total general government expenditure,S13,General government,DE,Germany,2019,,45.6,,,,,
dataflow,ESTAT:TEC00023(1.0),Total general government expenditure,A,Annual,PC_GDP,Percentage of gross domestic product (GDP),TE,Total general government expenditure,S13,General government,DE,Germany,2020,,51.1,,,,,
dataflow,ESTAT:TEC00023(1.0),Total general government expenditure,A,Annual,PC_GDP,Percentage of gross domestic product (GDP),TE,Total general government expenditure,S13,General government,DE,Germany,2021,,50.7,,,,,
dataflow,ESTAT:TEC00023(1.0),Total general government expenditure,A,Annual,PC_GDP,Percentage of gross domestic product (GDP),TE,Total general government expenditure,S13,General government,DE,Germany,2022,,49.0,,,,,
dataflow,ESTAT:TEC00023(1.0),Total general government expenditure,A,Annual,PC_GDP,Percentage of gross domestic product (GDP),TE,Total general government expenditure,S13,General government,DE,Germany,2023,,48.4,,,,,
dataflow,ESTAT:TEC00023(1.0),Total general government expenditure,A,Annual,PC_GDP,Percentage of gross domestic product (GDP),TE,Total general government expenditure,S13,General government,DE,Germany,2024,,49.5,,,,,
dataflow,ESTAT:TEC00023(1.0),Total general government expenditure,A,Annual,PC_GDP,Percentage of gross domestic product (GDP),TE,Total general government expenditure,S13,General government,DK,Denmark,2013,,55.6,,,,,
dataflow,ESTAT:TEC00023(1.0),Total general government expenditure,A,Annual,PC_GDP,Percentage of gross domestic product (GDP),TE,Total general government expenditure,S13,General government,DK,Denmark,2014,,55.1,,,,,
dataflow,ESTAT:TEC00023(1.0),Total general government expenditure,A,Annual,PC_GDP,Percentage of gross domestic product (GDP),TE,Total general government expenditure,S13,General government,DK,Denmark,2015,,54.4,,,,,
dataflow,ESTAT:TEC00023(1.0),Total general government expenditure,A,Annual,PC_GDP,Percentage of gross domestic product (GDP),TE,Total general government expenditure,S13,General government,DK,Denmark,2016,,52.4,,,,,
dataflow,ESTAT:TEC00023(1.0),Total general government expenditure,A,Annual,PC_GDP,Percentage of gross domestic product (GDP),TE,Total general government expenditure,S13,General government,DK,Denmark,2017,,50.6,,,,,
dataflow,ESTAT:TEC00023(1.0),Total general government expenditure,A,Annual,PC_GDP,Percentage of gross domestic product (GDP),TE,Total general government expenditure,S13,General government,DK,Denmark,2018,,50.8,,,,,
dataflow,ESTAT:TEC00023(1.0),Total general government expenditure,A,Annual,PC_GDP,Percentage of gross domestic product (GDP),TE,Total general government expenditure,S13,General government,DK,Denmark,2019,,49.8,,,,,
dataflow,ESTAT:TEC00023(1.0),Total general government expenditure,A,Annual,PC_GDP,Percentage of gross domestic product (GDP),TE,Total general government expenditure,S13,General government,DK,Denmark,2020,,53.3,,,,,
dataflow,ESTAT:TEC00023(1.0),Total general government expenditure,A,Annual,PC_GDP,Percentage of gross domestic product (GDP),TE,Total general government expenditure,S13,General government,DK,Denmark,2021,,49.7,,,,,
dataflow,ESTAT:TEC00023(1.0),Total general government expenditure,A,Annual,PC_GDP,Percentage of gross domestic product (GDP),TE,Total general government expenditure,S13,General government,DK,Denmark,2022,,45.1,,,,,
dataflow,ESTAT:TEC00023(1.0),Total general government expenditure,A,Annual,PC_GDP,Percentage of gross domestic product (GDP),TE,Total general government expenditure,S13,General government,DK,Denmark,2023,,47.4,,,,,
dataflow,ESTAT:TEC00023(1.0),Total general government expenditure,A,Annual,PC_GDP,Percentage of gross domestic product (GDP),TE,Total general government expenditure,S13,General government,DK,Denmark,2024,,47.3,,,,,
dataflow,ESTAT:TEC00023(1.0),Total general government expenditure,A,Annual,PC_GDP,Percentage of gross domestic product (GDP),TE,Total general government expenditure,S13,General government,EA19,Euro area - 19 countries  (2015-2022),2013,,50.3,,,,,
dataflow,ESTAT:TEC00023(1.0),Total general government expenditure,A,Annual,PC_GDP,Percentage of gross domestic product (GDP),TE,Total general government expenditure,S13,General government,EA19,Euro area - 19 countries  (2015-2022),2014,,49.6,,,,,
dataflow,ESTAT:TEC00023(1.0),Total general government expenditure,A,Annual,PC_GDP,Percentage of gross domestic product (GDP),TE,Total general government expenditure,S13,General government,EA19,Euro area - 19 countries  (2015-2022),2015,,48.6,,,,,
dataflow,ESTAT:TEC00023(1.0),Total general government expenditure,A,Annual,PC_GDP,Percentage of gross domestic product (GDP),TE,Total general government expenditure,S13,General government,EA19,Euro area - 19 countries  (2015-2022),2016,,47.9,,,,,
dataflow,ESTAT:TEC00023(1.0),Total general government expenditure,A,Annual,PC_GDP,Percentage of gross domestic product (GDP),TE,Total general government expenditure,S13,General government,EA19,Euro area - 19 countries  (2015-2022),2017,,47.4,,,,,
dataflow,ESTAT:TEC00023(1.0),Total general government expenditure,A,Annual,PC_GDP,Percentage of gross domestic product (GDP),TE,Total general government expenditure,S13,General government,EA19,Euro area - 19 countries  (2015-2022),2018,,47.1,,,,,
dataflow,ESTAT:TEC00023(1.0),Total general government expenditure,A,Annual,PC_GDP,Percentage of gross domestic product (GDP),TE,Total general government expenditure,S13,General government,EA19,Euro area - 19 countries  (2015-2022),2019,,47.0,,,,,
dataflow,ESTAT:TEC00023(1.0),Total general government expenditure,A,Annual,PC_GDP,Percentage of gross domestic product (GDP),TE,Total general government expenditure,S13,General government,EA19,Euro area - 19 countries  (2015-2022),2020,,53.6,,,,,
dataflow,ESTAT:TEC00023(1.0),Total general government expenditure,A,Annual,PC_GDP,Percentage of gross domestic product (GDP),TE,Total general government expenditure,S13,General government,EA19,Euro area - 19 countries  (2015-2022),2021,,52.0,,,,,
dataflow,ESTAT:TEC00023(1.0),Total general government expenditure,A,Annual,PC_GDP,Percentage of gross domestic product (GDP),TE,Total general government expenditure,S13,General government,EA19,Euro area - 19 countries  (2015-2022),2022,,50.0,,,,,
dataflow,ESTAT:TEC00023(1.0),Total general government expenditure,A,Annual,PC_GDP,Percentage of gross domestic product (GDP),TE,Total general government expenditure,S13,General government,EA19,Euro area - 19 countries  (2015-2022),2023,,49.5,,,,,
dataflow,ESTAT:TEC00023(1.0),Total general government expenditure,A,Annual,PC_GDP,Percentage of gross domestic product (GDP),TE,Total general government expenditure,S13,General government,EA19,Euro area - 19 countries  (2015-2022),2024,,49.6,,,,,
dataflow,ESTAT:TEC00023(1.0),Total general government expenditure,A,Annual,PC_GDP,Percentage of gross domestic product (GDP),TE,Total general government expenditure,S13,General government,EA20,Euro area – 20 countries (from 2023),2013,,50.3,,,,,
dataflow,ESTAT:TEC00023(1.0),Total general government expenditure,A,Annual,PC_GDP,Percentage of gross domestic product (GDP),TE,Total general government expenditure,S13,General government,EA20,Euro area – 20 countries (from 2023),2014,,49.6,,,,,
dataflow,ESTAT:TEC00023(1.0),Total general government expenditure,A,Annual,PC_GDP,Percentage of gross domestic product (GDP),TE,Total general government expenditure,S13,General government,EA20,Euro area – 20 countries (from 2023),2015,,48.6,,,,,
dataflow,ESTAT:TEC00023(1.0),Total general government expenditure,A,Annual,PC_GDP,Percentage of gross domestic product (GDP),TE,Total general government expenditure,S13,General government,EA20,Euro area – 20 countries (from 2023),2016,,47.9,,,,,
dataflow,ESTAT:TEC00023(1.0),Total general government expenditure,A,Annual,PC_GDP,Percentage of gross domestic product (GDP),TE,Total general government expenditure,S13,General government,EA20,Euro area – 20 countries (from 2023),2017,,47.4,,,,,
dataflow,ESTAT:TEC00023(1.0),Total general government expenditure,A,Annual,PC_GDP,Percentage of gross domestic product (GDP),TE,Total general government expenditure,S13,General government,EA20,Euro area – 20 countries (from 2023),2018,,47.0,,,,,
dataflow,ESTAT:TEC00023(1.0),Total general government expenditure,A,Annual,PC_GDP,Percentage of gross domestic product (GDP),TE,Total general government expenditure,S13,General government,EA20,Euro area – 20 countries (from 2023),2019,,47.0,,,,,
dataflow,ESTAT:TEC00023(1.0),Total general government expenditure,A,Annual,PC_GDP,Percentage of gross domestic product (GDP),TE,Total general government expenditure,S13,General government,EA20,Euro area – 20 countries (from 2023),2020,,53.6,,,,,
dataflow,ESTAT:TEC00023(1.0),Total general government expenditure,A,Annual,PC_GDP,Percentage of gross domestic product (GDP),TE,Total general government expenditure,S13,General government,EA20,Euro area – 20 countries (from 2023),2021,,52.0,,,,,
dataflow,ESTAT:TEC00023(1.0),Total general government expenditure,A,Annual,PC_GDP,Percentage of gross domestic product (GDP),TE,Total general government expenditure,S13,General government,EA20,Euro area – 20 countries (from 2023),2022,,50.0,,,,,
dataflow,ESTAT:TEC00023(1.0),Total general government expenditure,A,Annual,PC_GDP,Percentage of gross domestic product (GDP),TE,Total general government expenditure,S13,General government,EA20,Euro area – 20 countries (from 2023),2023,,49.5,,,,,
dataflow,ESTAT:TEC00023(1.0),Total general government expenditure,A,Annual,PC_GDP,Percentage of gross domestic product (GDP),TE,Total general government expenditure,S13,General government,EA20,Euro area – 20 countries (from 2023),2024,,49.6,,,,,
dataflow,ESTAT:TEC00023(1.0),Total general government expenditure,A,Annual,PC_GDP,Percentage of gross domestic product (GDP),TE,Total general government expenditure,S13,General government,EE,Estonia,2013,,38.3,,,,,
dataflow,ESTAT:TEC00023(1.0),Total general government expenditure,A,Annual,PC_GDP,Percentage of gross domestic product (GDP),TE,Total general government expenditure,S13,General government,EE,Estonia,2014,,37.6,,,,,
dataflow,ESTAT:TEC00023(1.0),Total general government expenditure,A,Annual,PC_GDP,Percentage of gross domestic product (GDP),TE,Total general government expenditure,S13,General government,EE,Estonia,2015,,39.3,,,,,
dataflow,ESTAT:TEC00023(1.0),Total general government expenditure,A,Annual,PC_GDP,Percentage of gross domestic product (GDP),TE,Total general government expenditure,S13,General government,EE,Estonia,2016,,38.9,,,,,
dataflow,ESTAT:TEC00023(1.0),Total general government expenditure,A,Annual,PC_GDP,Percentage of gross domestic product (GDP),TE,Total general government expenditure,S13,General government,EE,Estonia,2017,,38.9,,,,,
dataflow,ESTAT:TEC00023(1.0),Total general government expenditure,A,Annual,PC_GDP,Percentage of gross domestic product (GDP),TE,Total general government expenditure,S13,General government,EE,Estonia,2018,,38.8,,,,,
dataflow,ESTAT:TEC00023(1.0),Total general government expenditure,A,Annual,PC_GDP,Percentage of gross domestic product (GDP),TE,Total general government expenditure,S13,General government,EE,Estonia,2019,,39.1,,,,,
dataflow,ESTAT:TEC00023(1.0),Total general government expenditure,A,Annual,PC_GDP,Percentage of gross domestic product (GDP),TE,Total general government expenditure,S13,General government,EE,Estonia,2020,,44.7,,,,,
dataflow,ESTAT:TEC00023(1.0),Total general government expenditure,A,Annual,PC_GDP,Percentage of gross domestic product (GDP),TE,Total general government expenditure,S13,General government,EE,Estonia,2021,,42.1,,,,,
dataflow,ESTAT:TEC00023(1.0),Total general government expenditure,A,Annual,PC_GDP,Percentage of gross domestic product (GDP),TE,Total general government expenditure,S13,General government,EE,Estonia,2022,,40.0,,,,,
dataflow,ESTAT:TEC00023(1.0),Total general government expenditure,A,Annual,PC_GDP,Percentage of gross domestic product (GDP),TE,Total general government expenditure,S13,General government,EE,Estonia,2023,,43.7,,,,,
dataflow,ESTAT:TEC00023(1.0),Total general government expenditure,A,Annual,PC_GDP,Percentage of gross domestic product (GDP),TE,Total general government expenditure,S13,General government,EE,Estonia,2024,,44.0,,,,,
dataflow,ESTAT:TEC00023(1.0),Total general government expenditure,A,Annual,PC_GDP,Percentage of gross domestic product (GDP),TE,Total general government expenditure,S13,General government,EL,Greece,2013,,63.9,,,,,
dataflow,ESTAT:TEC00023(1.0),Total general government expenditure,A,Annual,PC_GDP,Percentage of gross domestic product (GDP),TE,Total general government expenditure,S13,General government,EL,Greece,2014,,51.5,,,,,
dataflow,ESTAT:TEC00023(1.0),Total general government expenditure,A,Annual,PC_GDP,Percentage of gross domestic product (GDP),TE,Total general government expenditure,S13,General government,EL,Greece,2015,,54.8,,,,,
dataflow,ESTAT:TEC00023(1.0),Total general government expenditure,A,Annual,PC_GDP,Percentage of gross domestic product (GDP),TE,Total general government expenditure,S13,General government,EL,Greece,2016,,50.3,,,,,
dataflow,ESTAT:TEC00023(1.0),Total general government expenditure,A,Annual,PC_GDP,Percentage of gross domestic product (GDP),TE,Total general government expenditure,S13,General government,EL,Greece,2017,,48.6,,,,,
dataflow,ESTAT:TEC00023(1.0),Total general government expenditure,A,Annual,PC_GDP,Percentage of gross domestic product (GDP),TE,Total general government expenditure,S13,General government,EL,Greece,2018,,48.6,,,,,
dataflow,ESTAT:TEC00023(1.0),Total general government expenditure,A,Annual,PC_GDP,Percentage of gross domestic product (GDP),TE,Total general government expenditure,S13,General government,EL,Greece,2019,,47.7,,,,,
dataflow,ESTAT:TEC00023(1.0),Total general government expenditure,A,Annual,PC_GDP,Percentage of gross domestic product (GDP),TE,Total general government expenditure,S13,General government,EL,Greece,2020,,59.3,,,,,
dataflow,ESTAT:TEC00023(1.0),Total general government expenditure,A,Annual,PC_GDP,Percentage of gross domestic product (GDP),TE,Total general government expenditure,S13,General government,EL,Greece,2021,,56.7,,,,,
dataflow,ESTAT:TEC00023(1.0),Total general government expenditure,A,Annual,PC_GDP,Percentage of gross domestic product (GDP),TE,Total general government expenditure,S13,General government,EL,Greece,2022,,52.8,,,,,
dataflow,ESTAT:TEC00023(1.0),Total general government expenditure,A,Annual,PC_GDP,Percentage of gross domestic product (GDP),TE,Total general government expenditure,S13,General government,EL,Greece,2023,,49.5,,,,,
dataflow,ESTAT:TEC00023(1.0),Total general government expenditure,A,Annual,PC_GDP,Percentage of gross domestic product (GDP),TE,Total general government expenditure,S13,General government,EL,Greece,2024,,48.0,,,,,
dataflow,ESTAT:TEC00023(1.0),Total general government expenditure,A,Annual,PC_GDP,Percentage of gross domestic product (GDP),TE,Total general government expenditure,S13,General government,ES,Spain,2013,,46.2,,,,,
dataflow,ESTAT:TEC00023(1.0),Total general government expenditure,A,Annual,PC_GDP,Percentage of gross domestic product (GDP),TE,Total general government expenditure,S13,General government,ES,Spain,2014,,45.0,,,,,
dataflow,ESTAT:TEC00023(1.0),Total general government expenditure,A,Annual,PC_GDP,Percentage of gross domestic product (GDP),TE,Total general government expenditure,S13,General government,ES,Spain,2015,,43.7,,,,,
dataflow,ESTAT:TEC00023(1.0),Total general government expenditure,A,Annual,PC_GDP,Percentage of gross domestic product (GDP),TE,Total general government expenditure,S13,General government,ES,Spain,2016,,42.1,,,,,
dataflow,ESTAT:TEC00023(1.0),Total general government expenditure,A,Annual,PC_GDP,Percentage of gross domestic product (GDP),TE,Total general government expenditure,S13,General government,ES,Spain,2017,,41.0,,,,,
dataflow,ESTAT:TEC00023(1.0),Total general government expenditure,A,Annual,PC_GDP,Percentage of gross domestic product (GDP),TE,Total general government expenditure,S13,General government,ES,Spain,2018,,41.5,,,,,
dataflow,ESTAT:TEC00023(1.0),Total general government expenditure,A,Annual,PC_GDP,Percentage of gross domestic product (GDP),TE,Total general government expenditure,S13,General government,ES,Spain,2019,,42.0,,,,,
dataflow,ESTAT:TEC00023(1.0),Total general government expenditure,A,Annual,PC_GDP,Percentage of gross domestic product (GDP),TE,Total general government expenditure,S13,General government,ES,Spain,2020,,51.4,,,,,
dataflow,ESTAT:TEC00023(1.0),Total general government expenditure,A,Annual,PC_GDP,Percentage of gross domestic product (GDP),TE,Total general government expenditure,S13,General government,ES,Spain,2021,,49.5,,,,,
dataflow,ESTAT:TEC00023(1.0),Total general government expenditure,A,Annual,PC_GDP,Percentage of gross domestic product (GDP),TE,Total general government expenditure,S13,General government,ES,Spain,2022,,46.4,,,,,
dataflow,ESTAT:TEC00023(1.0),Total general government expenditure,A,Annual,PC_GDP,Percentage of gross domestic product (GDP),TE,Total general government expenditure,S13,General government,ES,Spain,2023,,45.4,,,,,
dataflow,ESTAT:TEC00023(1.0),Total general government expenditure,A,Annual,PC_GDP,Percentage of gross domestic product (GDP),TE,Total general government expenditure,S13,General government,ES,Spain,2024,,45.4,,,,,
dataflow,ESTAT:TEC00023(1.0),Total general government expenditure,A,Annual,PC_GDP,Percentage of gross domestic product (GDP),TE,Total general government expenditure,S13,General government,EU27_2020,European Union - 27 countries (from 2020),2013,,50.0,,,,,
dataflow,ESTAT:TEC00023(1.0),Total general government expenditure,A,Annual,PC_GDP,Percentage of gross domestic product (GDP),TE,Total general government expenditure,S13,General government,EU27_2020,European Union - 27 countries (from 2020),2014,,49.2,,,,,
dataflow,ESTAT:TEC00023(1.0),Total general government expenditure,A,Annual,PC_GDP,Percentage of gross domestic product (GDP),TE,Total general government expenditure,S13,General government,EU27_2020,European Union - 27 countries (from 2020),2015,,48.3,,,,,
dataflow,ESTAT:TEC00023(1.0),Total general government expenditure,A,Annual,PC_GDP,Percentage of gross domestic product (GDP),TE,Total general government expenditure,S13,General government,EU27_2020,European Union - 27 countries (from 2020),2016,,47.5,,,,,
dataflow,ESTAT:TEC00023(1.0),Total general government expenditure,A,Annual,PC_GDP,Percentage of gross domestic product (GDP),TE,Total general government expenditure,S13,General government,EU27_2020,European Union - 27 countries (from 2020),2017,,47.0,,,,,
dataflow,ESTAT:TEC00023(1.0),Total general government expenditure,A,Annual,PC_GDP,Percentage of gross domestic product (GDP),TE,Total general government expenditure,S13,General government,EU27_2020,European Union - 27 countries (from 2020),2018,,46.7,,,,,
dataflow,ESTAT:TEC00023(1.0),Total general government expenditure,A,Annual,PC_GDP,Percentage of gross domestic product (GDP),TE,Total general government expenditure,S13,General government,EU27_2020,European Union - 27 countries (from 2020),2019,,46.6,,,,,
dataflow,ESTAT:TEC00023(1.0),Total general government expenditure,A,Annual,PC_GDP,Percentage of gross domestic product (GDP),TE,Total general government expenditure,S13,General government,EU27_2020,European Union - 27 countries (from 2020),2020,,52.9,,,,,
dataflow,ESTAT:TEC00023(1.0),Total general government expenditure,A,Annual,PC_GDP,Percentage of gross domestic product (GDP),TE,Total general government expenditure,S13,General government,EU27_2020,European Union - 27 countries (from 2020),2021,,51.2,,,,,
dataflow,ESTAT:TEC00023(1.0),Total general government expenditure,A,Annual,PC_GDP,Percentage of gross domestic product (GDP),TE,Total general government expenditure,S13,General government,EU27_2020,European Union - 27 countries (from 2020),2022,,49.2,,,,,
dataflow,ESTAT:TEC00023(1.0),Total general government expenditure,A,Annual,PC_GDP,Percentage of gross domestic product (GDP),TE,Total general government expenditure,S13,General government,EU27_2020,European Union - 27 countries (from 2020),2023,,49.0,,,,,
dataflow,ESTAT:TEC00023(1.0),Total general government expenditure,A,Annual,PC_GDP,Percentage of gross domestic product (GDP),TE,Total general government expenditure,S13,General government,EU27_2020,European Union - 27 countries (from 2020),2024,,49.2,,,,,
dataflow,ESTAT:TEC00023(1.0),Total general government expenditure,A,Annual,PC_GDP,Percentage of gross domestic product (GDP),TE,Total general government expenditure,S13,General government,FI,Finland,2013,,57.1,,,,,
dataflow,ESTAT:TEC00023(1.0),Total general government expenditure,A,Annual,PC_GDP,Percentage of gross domestic product (GDP),TE,Total general government expenditure,S13,General government,FI,Finland,2014,,57.6,,,,,
dataflow,ESTAT:TEC00023(1.0),Total general government expenditure,A,Annual,PC_GDP,Percentage of gross domestic product (GDP),TE,Total general government expenditure,S13,General government,FI,Finland,2015,,55.7,,b,break in time series,,
dataflow,ESTAT:TEC00023(1.0),Total general government expenditure,A,Annual,PC_GDP,Percentage of gross domestic product (GDP),TE,Total general government expenditure,S13,General government,FI,Finland,2016,,55.1,,,,,
dataflow,ESTAT:TEC00023(1.0),Total general government expenditure,A,Annual,PC_GDP,Percentage of gross domestic product (GDP),TE,Total general government expenditure,S13,General government,FI,Finland,2017,,52.8,,,,,
dataflow,ESTAT:TEC00023(1.0),Total general government expenditure,A,Annual,PC_GDP,Percentage of gross domestic product (GDP),TE,Total general government expenditure,S13,General government,FI,Finland,2018,,52.7,,,,,
dataflow,ESTAT:TEC00023(1.0),Total general government expenditure,A,Annual,PC_GDP,Percentage of gross domestic product (GDP),TE,Total general government expenditure,S13,General government,FI,Finland,2019,,52.6,,,,,
dataflow,ESTAT:TEC00023(1.0),Total general government expenditure,A,Annual,PC_GDP,Percentage of gross domestic product (GDP),TE,Total general government expenditure,S13,General government,FI,Finland,2020,,56.5,,,,,
dataflow,ESTAT:TEC00023(1.0),Total general government expenditure,A,Annual,PC_GDP,Percentage of gross domestic product (GDP),TE,Total general government expenditure,S13,General government,FI,Finland,2021,,55.1,,,,,
dataflow,ESTAT:TEC00023(1.0),Total general government expenditure,A,Annual,PC_GDP,Percentage of gross domestic product (GDP),TE,Total general government expenditure,S13,General government,FI,Finland,2022,,52.6,,,,,
dataflow,ESTAT:TEC00023(1.0),Total general government expenditure,A,Annual,PC_GDP,Percentage of gross domestic product (GDP),TE,Total general government expenditure,S13,General government,FI,Finland,2023,,55.9,,,,,
dataflow,ESTAT:TEC00023(1.0),Total general government expenditure,A,Annual,PC_GDP,Percentage of gross domestic product (GDP),TE,Total general government expenditure,S13,General government,FI,Finland,2024,,57.8,,,,,
dataflow,ESTAT:TEC00023(1.0),Total general government expenditure,A,Annual,PC_GDP,Percentage of gross domestic product (GDP),TE,Total general government expenditure,S13,General government,FR,France,2013,,58.6,,,,,
dataflow,ESTAT:TEC00023(1.0),Total general government expenditure,A,Annual,PC_GDP,Percentage of gross domestic product (GDP),TE,Total general government expenditure,S13,General government,FR,France,2014,,58.4,,,,,
dataflow,ESTAT:TEC00023(1.0),Total general government expenditure,A,Annual,PC_GDP,Percentage of gross domestic product (GDP),TE,Total general government expenditure,S13,General government,FR,France,2015,,57.6,,,,,
dataflow,ESTAT:TEC00023(1.0),Total general government expenditure,A,Annual,PC_GDP,Percentage of gross domestic product (GDP),TE,Total general government expenditure,S13,General government,FR,France,2016,,57.4,,,,,
dataflow,ESTAT:TEC00023(1.0),Total general government expenditure,A,Annual,PC_GDP,Percentage of gross domestic product (GDP),TE,Total general government expenditure,S13,General government,FR,France,2017,,57.7,,,,,
dataflow,ESTAT:TEC00023(1.0),Total general government expenditure,A,Annual,PC_GDP,Percentage of gross domestic product (GDP),TE,Total general government expenditure,S13,General government,FR,France,2018,,56.4,,,,,
dataflow,ESTAT:TEC00023(1.0),Total general government expenditure,A,Annual,PC_GDP,Percentage of gross domestic product (GDP),TE,Total general government expenditure,S13,General government,FR,France,2019,,55.3,,,,,
dataflow,ESTAT:TEC00023(1.0),Total general government expenditure,A,Annual,PC_GDP,Percentage of gross domestic product (GDP),TE,Total general government expenditure,S13,General government,FR,France,2020,,61.7,,,,,
dataflow,ESTAT:TEC00023(1.0),Total general government expenditure,A,Annual,PC_GDP,Percentage of gross domestic product (GDP),TE,Total general government expenditure,S13,General government,FR,France,2021,,59.5,,,,,
dataflow,ESTAT:TEC00023(1.0),Total general government expenditure,A,Annual,PC_GDP,Percentage of gross domestic product (GDP),TE,Total general government expenditure,S13,General government,FR,France,2022,,58.4,,,,,
dataflow,ESTAT:TEC00023(1.0),Total general government expenditure,A,Annual,PC_GDP,Percentage of gross domestic product (GDP),TE,Total general government expenditure,S13,General government,FR,France,2023,,56.9,,,,,
dataflow,ESTAT:TEC00023(1.0),Total general government expenditure,A,Annual,PC_GDP,Percentage of gross domestic product (GDP),TE,Total general government expenditure,S13,General government,FR,France,2024,,57.1,,,,,
dataflow,ESTAT:TEC00023(1.0),Total general government expenditure,A,Annual,PC_GDP,Percentage of gross domestic product (GDP),TE,Total general government expenditure,S13,General government,HR,Croatia,2013,,47.9,,,,,
dataflow,ESTAT:TEC00023(1.0),Total general government expenditure,A,Annual,PC_GDP,Percentage of gross domestic product (GDP),TE,Total general government expenditure,S13,General government,HR,Croatia,2014,,48.7,,,,,
dataflow,ESTAT:TEC00023(1.0),Total general government expenditure,A,Annual,PC_GDP,Percentage of gross domestic product (GDP),TE,Total general government expenditure,S13,General government,HR,Croatia,2015,,47.5,,,,,
dataflow,ESTAT:TEC00023(1.0),Total general government expenditure,A,Annual,PC_GDP,Percentage of gross domestic product (GDP),TE,Total general government expenditure,S13,General government,HR,Croatia,2016,,45.9,,,,,
dataflow,ESTAT:TEC00023(1.0),Total general government expenditure,A,Annual,PC_GDP,Percentage of gross domestic product (GDP),TE,Total general government expenditure,S13,General government,HR,Croatia,2017,,44.3,,,,,
dataflow,ESTAT:TEC00023(1.0),Total general government expenditure,A,Annual,PC_GDP,Percentage of gross domestic product (GDP),TE,Total general government expenditure,S13,General government,HR,Croatia,2018,,45.1,,,,,
dataflow,ESTAT:TEC00023(1.0),Total general government expenditure,A,Annual,PC_GDP,Percentage of gross domestic product (GDP),TE,Total general government expenditure,S13,General government,HR,Croatia,2019,,46.3,,,,,
dataflow,ESTAT:TEC00023(1.0),Total general government expenditure,A,Annual,PC_GDP,Percentage of gross domestic product (GDP),TE,Total general government expenditure,S13,General government,HR,Croatia,2020,,53.7,,,,,
dataflow,ESTAT:TEC00023(1.0),Total general government expenditure,A,Annual,PC_GDP,Percentage of gross domestic product (GDP),TE,Total general government expenditure,S13,General government,HR,Croatia,2021,,48.1,,,,,
dataflow,ESTAT:TEC00023(1.0),Total general government expenditure,A,Annual,PC_GDP,Percentage of gross domestic product (GDP),TE,Total general government expenditure,S13,General government,HR,Croatia,2022,,45.0,,,,,
dataflow,ESTAT:TEC00023(1.0),Total general government expenditure,A,Annual,PC_GDP,Percentage of gross domestic product (GDP),TE,Total general government expenditure,S13,General government,HR,Croatia,2023,,46.8,,,,,
dataflow,ESTAT:TEC00023(1.0),Total general government expenditure,A,Annual,PC_GDP,Percentage of gross domestic product (GDP),TE,Total general government expenditure,S13,General government,HR,Croatia,2024,,48.0,,,,,
dataflow,ESTAT:TEC00023(1.0),Total general government expenditure,A,Annual,PC_GDP,Percentage of gross domestic product (GDP),TE,Total general government expenditure,S13,General government,HU,Hungary,2013,,50.1,,,,,
dataflow,ESTAT:TEC00023(1.0),Total general government expenditure,A,Annual,PC_GDP,Percentage of gross domestic product (GDP),TE,Total general government expenditure,S13,General government,HU,Hungary,2014,,50.0,,,,,
dataflow,ESTAT:TEC00023(1.0),Total general government expenditure,A,Annual,PC_GDP,Percentage of gross domestic product (GDP),TE,Total general government expenditure,S13,General government,HU,Hungary,2015,,50.4,,,,,
dataflow,ESTAT:TEC00023(1.0),Total general government expenditure,A,Annual,PC_GDP,Percentage of gross domestic product (GDP),TE,Total general government expenditure,S13,General government,HU,Hungary,2016,,46.7,,,,,
dataflow,ESTAT:TEC00023(1.0),Total general government expenditure,A,Annual,PC_GDP,Percentage of gross domestic product (GDP),TE,Total general government expenditure,S13,General government,HU,Hungary,2017,,46.6,,,,,
dataflow,ESTAT:TEC00023(1.0),Total general government expenditure,A,Annual,PC_GDP,Percentage of gross domestic product (GDP),TE,Total general government expenditure,S13,General government,HU,Hungary,2018,,45.9,,,,,
dataflow,ESTAT:TEC00023(1.0),Total general government expenditure,A,Annual,PC_GDP,Percentage of gross domestic product (GDP),TE,Total general government expenditure,S13,General government,HU,Hungary,2019,,45.8,,,,,
dataflow,ESTAT:TEC00023(1.0),Total general government expenditure,A,Annual,PC_GDP,Percentage of gross domestic product (GDP),TE,Total general government expenditure,S13,General government,HU,Hungary,2020,,51.0,,,,,
dataflow,ESTAT:TEC00023(1.0),Total general government expenditure,A,Annual,PC_GDP,Percentage of gross domestic product (GDP),TE,Total general government expenditure,S13,General government,HU,Hungary,2021,,48.1,,,,,
dataflow,ESTAT:TEC00023(1.0),Total general government expenditure,A,Annual,PC_GDP,Percentage of gross domestic product (GDP),TE,Total general government expenditure,S13,General government,HU,Hungary,2022,,48.7,,,,,
dataflow,ESTAT:TEC00023(1.0),Total general government expenditure,A,Annual,PC_GDP,Percentage of gross domestic product (GDP),TE,Total general government expenditure,S13,General government,HU,Hungary,2023,,49.2,,,,,
dataflow,ESTAT:TEC00023(1.0),Total general government expenditure,A,Annual,PC_GDP,Percentage of gross domestic product (GDP),TE,Total general government expenditure,S13,General government,HU,Hungary,2024,,46.9,,,,,
dataflow,ESTAT:TEC00023(1.0),Total general government expenditure,A,Annual,PC_GDP,Percentage of gross domestic product (GDP),TE,Total general government expenditure,S13,General government,IE,Ireland,2013,,39.8,,,,,
dataflow,ESTAT:TEC00023(1.0),Total general government expenditure,A,Annual,PC_GDP,Percentage of gross domestic product (GDP),TE,Total general government expenditure,S13,General government,IE,Ireland,2014,,36.6,,,,,
dataflow,ESTAT:TEC00023(1.0),Total general government expenditure,A,Annual,PC_GDP,Percentage of gross domestic product (GDP),TE,Total general government expenditure,S13,General government,IE,Ireland,2015,,28.1,,,,,
dataflow,ESTAT:TEC00023(1.0),Total general government expenditure,A,Annual,PC_GDP,Percentage of gross domestic product (GDP),TE,Total general government expenditure,S13,General government,IE,Ireland,2016,,27.5,,,,,
dataflow,ESTAT:TEC00023(1.0),Total general government expenditure,A,Annual,PC_GDP,Percentage of gross domestic product (GDP),TE,Total general government expenditure,S13,General government,IE,Ireland,2017,,25.3,,,,,
dataflow,ESTAT:TEC00023(1.0),Total general government expenditure,A,Annual,PC_GDP,Percentage of gross domestic product (GDP),TE,Total general government expenditure,S13,General government,IE,Ireland,2018,,24.7,,,,,
dataflow,ESTAT:TEC00023(1.0),Total general government expenditure,A,Annual,PC_GDP,Percentage of gross domestic product (GDP),TE,Total general government expenditure,S13,General government,IE,Ireland,2019,,23.9,,,,,
dataflow,ESTAT:TEC00023(1.0),Total general government expenditure,A,Annual,PC_GDP,Percentage of gross domestic product (GDP),TE,Total general government expenditure,S13,General government,IE,Ireland,2020,,26.7,,,,,
dataflow,ESTAT:TEC00023(1.0),Total general government expenditure,A,Annual,PC_GDP,Percentage of gross domestic product (GDP),TE,Total general government expenditure,S13,General government,IE,Ireland,2021,,23.6,,,,,
dataflow,ESTAT:TEC00023(1.0),Total general government expenditure,A,Annual,PC_GDP,Percentage of gross domestic product (GDP),TE,Total general government expenditure,S13,General government,IE,Ireland,2022,,20.6,,,,,
dataflow,ESTAT:TEC00023(1.0),Total general government expenditure,A,Annual,PC_GDP,Percentage of gross domestic product (GDP),TE,Total general government expenditure,S13,General government,IE,Ireland,2023,,22.1,,,,,
dataflow,ESTAT:TEC00023(1.0),Total general government expenditure,A,Annual,PC_GDP,Percentage of gross domestic product (GDP),TE,Total general government expenditure,S13,General government,IE,Ireland,2024,,22.3,,,,,
dataflow,ESTAT:TEC00023(1.0),Total general government expenditure,A,Annual,PC_GDP,Percentage of gross domestic product (GDP),TE,Total general government expenditure,S13,General government,IS,Iceland,2013,,45.6,,,,,
dataflow,ESTAT:TEC00023(1.0),Total general government expenditure,A,Annual,PC_GDP,Percentage of gross domestic product (GDP),TE,Total general government expenditure,S13,General government,IS,Iceland,2014,,45.3,,,,,
dataflow,ESTAT:TEC00023(1.0),Total general government expenditure,A,Annual,PC_GDP,Percentage of gross domestic product (GDP),TE,Total general government expenditure,S13,General government,IS,Iceland,2015,,43.0,,,,,
dataflow,ESTAT:TEC00023(1.0),Total general government expenditure,A,Annual,PC_GDP,Percentage of gross domestic product (GDP),TE,Total general government expenditure,S13,General government,IS,Iceland,2016,,45.8,,,,,
dataflow,ESTAT:TEC00023(1.0),Total general government expenditure,A,Annual,PC_GDP,Percentage of gross domestic product (GDP),TE,Total general government expenditure,S13,General government,IS,Iceland,2017,,43.8,,,,,
dataflow,ESTAT:TEC00023(1.0),Total general government expenditure,A,Annual,PC_GDP,Percentage of gross domestic product (GDP),TE,Total general government expenditure,S13,General government,IS,Iceland,2018,,43.4,,,,,
dataflow,ESTAT:TEC00023(1.0),Total general government expenditure,A,Annual,PC_GDP,Percentage of gross domestic product (GDP),TE,Total general government expenditure,S13,General government,IS,Iceland,2019,,43.0,,,,,
dataflow,ESTAT:TEC00023(1.0),Total general government expenditure,A,Annual,PC_GDP,Percentage of gross domestic product (GDP),TE,Total general government expenditure,S13,General government,IS,Iceland,2020,,50.4,,,,,
dataflow,ESTAT:TEC00023(1.0),Total general government expenditure,A,Annual,PC_GDP,Percentage of gross domestic product (GDP),TE,Total general government expenditure,S13,General government,IS,Iceland,2021,,48.7,,,,,
dataflow,ESTAT:TEC00023(1.0),Total general government expenditure,A,Annual,PC_GDP,Percentage of gross domestic product (GDP),TE,Total general government expenditure,S13,General government,IS,Iceland,2022,,46.1,,,,,
dataflow,ESTAT:TEC00023(1.0),Total general government expenditure,A,Annual,PC_GDP,Percentage of gross domestic product (GDP),TE,Total general government expenditure,S13,General government,IS,Iceland,2023,,45.2,,,,,
dataflow,ESTAT:TEC00023(1.0),Total general government expenditure,A,Annual,PC_GDP,Percentage of gross domestic product (GDP),TE,Total general government expenditure,S13,General government,IS,Iceland,2024,,46.7,,,,,
dataflow,ESTAT:TEC00023(1.0),Total general government expenditure,A,Annual,PC_GDP,Percentage of gross domestic product (GDP),TE,Total general government expenditure,S13,General government,IT,Italy,2013,,50.9,,,,,
dataflow,ESTAT:TEC00023(1.0),Total general government expenditure,A,Annual,PC_GDP,Percentage of gross domestic product (GDP),TE,Total general government expenditure,S13,General government,IT,Italy,2014,,50.7,,,,,
dataflow,ESTAT:TEC00023(1.0),Total general government expenditure,A,Annual,PC_GDP,Percentage of gross domestic product (GDP),TE,Total general government expenditure,S13,General government,IT,Italy,2015,,50.2,,,,,
dataflow,ESTAT:TEC00023(1.0),Total general government expenditure,A,Annual,PC_GDP,Percentage of gross domestic product (GDP),TE,Total general government expenditure,S13,General government,IT,Italy,2016,,49.0,,,,,
dataflow,ESTAT:TEC00023(1.0),Total general government expenditure,A,Annual,PC_GDP,Percentage of gross domestic product (GDP),TE,Total general government expenditure,S13,General government,IT,Italy,2017,,48.8,,,,,
dataflow,ESTAT:TEC00023(1.0),Total general government expenditure,A,Annual,PC_GDP,Percentage of gross domestic product (GDP),TE,Total general government expenditure,S13,General government,IT,Italy,2018,,48.3,,,,,
dataflow,ESTAT:TEC00023(1.0),Total general government expenditure,A,Annual,PC_GDP,Percentage of gross domestic product (GDP),TE,Total general government expenditure,S13,General government,IT,Italy,2019,,48.4,,,,,
dataflow,ESTAT:TEC00023(1.0),Total general government expenditure,A,Annual,PC_GDP,Percentage of gross domestic product (GDP),TE,Total general government expenditure,S13,General government,IT,Italy,2020,,56.8,,,,,
dataflow,ESTAT:TEC00023(1.0),Total general government expenditure,A,Annual,PC_GDP,Percentage of gross domestic product (GDP),TE,Total general government expenditure,S13,General government,IT,Italy,2021,,56.0,,,,,
dataflow,ESTAT:TEC00023(1.0),Total general government expenditure,A,Annual,PC_GDP,Percentage of gross domestic product (GDP),TE,Total general government expenditure,S13,General government,IT,Italy,2022,,54.9,,,,,
dataflow,ESTAT:TEC00023(1.0),Total general government expenditure,A,Annual,PC_GDP,Percentage of gross domestic product (GDP),TE,Total general government expenditure,S13,General government,IT,Italy,2023,,54.0,,,,,
dataflow,ESTAT:TEC00023(1.0),Total general government expenditure,A,Annual,PC_GDP,Percentage of gross domestic product (GDP),TE,Total general government expenditure,S13,General government,IT,Italy,2024,,50.6,,,,,
dataflow,ESTAT:TEC00023(1.0),Total general government expenditure,A,Annual,PC_GDP,Percentage of gross domestic product (GDP),TE,Total general government expenditure,S13,General government,LT,Lithuania,2013,,35.7,,,,,
dataflow,ESTAT:TEC00023(1.0),Total general government expenditure,A,Annual,PC_GDP,Percentage of gross domestic product (GDP),TE,Total general government expenditure,S13,General government,LT,Lithuania,2014,,35.0,,,,,
dataflow,ESTAT:TEC00023(1.0),Total general government expenditure,A,Annual,PC_GDP,Percentage of gross domestic product (GDP),TE,Total general government expenditure,S13,General government,LT,Lithuania,2015,,35.2,,,,,
dataflow,ESTAT:TEC00023(1.0),Total general government expenditure,A,Annual,PC_GDP,Percentage of gross domestic product (GDP),TE,Total general government expenditure,S13,General government,LT,Lithuania,2016,,34.5,,,,,
dataflow,ESTAT:TEC00023(1.0),Total general government expenditure,A,Annual,PC_GDP,Percentage of gross domestic product (GDP),TE,Total general government expenditure,S13,General government,LT,Lithuania,2017,,33.4,,,,,
dataflow,ESTAT:TEC00023(1.0),Total general government expenditure,A,Annual,PC_GDP,Percentage of gross domestic product (GDP),TE,Total general government expenditure,S13,General government,LT,Lithuania,2018,,33.8,,,,,
dataflow,ESTAT:TEC00023(1.0),Total general government expenditure,A,Annual,PC_GDP,Percentage of gross domestic product (GDP),TE,Total general government expenditure,S13,General government,LT,Lithuania,2019,,34.6,,,,,
dataflow,ESTAT:TEC00023(1.0),Total general government expenditure,A,Annual,PC_GDP,Percentage of gross domestic product (GDP),TE,Total general government expenditure,S13,General government,LT,Lithuania,2020,,42.3,,,,,
dataflow,ESTAT:TEC00023(1.0),Total general government expenditure,A,Annual,PC_GDP,Percentage of gross domestic product (GDP),TE,Total general government expenditure,S13,General government,LT,Lithuania,2021,,37.3,,,,,
dataflow,ESTAT:TEC00023(1.0),Total general government expenditure,A,Annual,PC_GDP,Percentage of gross domestic product (GDP),TE,Total general government expenditure,S13,General government,LT,Lithuania,2022,,36.3,,,,,
dataflow,ESTAT:TEC00023(1.0),Total general government expenditure,A,Annual,PC_GDP,Percentage of gross domestic product (GDP),TE,Total general government expenditure,S13,General government,LT,Lithuania,2023,,37.4,,,,,
dataflow,ESTAT:TEC00023(1.0),Total general government expenditure,A,Annual,PC_GDP,Percentage of gross domestic product (GDP),TE,Total general government expenditure,S13,General government,LT,Lithuania,2024,,39.5,,,,,
dataflow,ESTAT:TEC00023(1.0),Total general government expenditure,A,Annual,PC_GDP,Percentage of gross domestic product (GDP),TE,Total general government expenditure,S13,General government,LU,Luxembourg,2013,,41.2,,,,,
dataflow,ESTAT:TEC00023(1.0),Total general government expenditure,A,Annual,PC_GDP,Percentage of gross domestic product (GDP),TE,Total general government expenditure,S13,General government,LU,Luxembourg,2014,,40.6,,,,,
dataflow,ESTAT:TEC00023(1.0),Total general government expenditure,A,Annual,PC_GDP,Percentage of gross domestic product (GDP),TE,Total general government expenditure,S13,General government,LU,Luxembourg,2015,,40.4,,,,,
dataflow,ESTAT:TEC00023(1.0),Total general government expenditure,A,Annual,PC_GDP,Percentage of gross domestic product (GDP),TE,Total general government expenditure,S13,General government,LU,Luxembourg,2016,,40.0,,,,,
dataflow,ESTAT:TEC00023(1.0),Total general government expenditure,A,Annual,PC_GDP,Percentage of gross domestic product (GDP),TE,Total general government expenditure,S13,General government,LU,Luxembourg,2017,,41.3,,,,,
dataflow,ESTAT:TEC00023(1.0),Total general government expenditure,A,Annual,PC_GDP,Percentage of gross domestic product (GDP),TE,Total general government expenditure,S13,General government,LU,Luxembourg,2018,,42.3,,,,,
dataflow,ESTAT:TEC00023(1.0),Total general government expenditure,A,Annual,PC_GDP,Percentage of gross domestic product (GDP),TE,Total general government expenditure,S13,General government,LU,Luxembourg,2019,,43.1,,,,,
dataflow,ESTAT:TEC00023(1.0),Total general government expenditure,A,Annual,PC_GDP,Percentage of gross domestic product (GDP),TE,Total general government expenditure,S13,General government,LU,Luxembourg,2020,,47.0,,,,,
dataflow,ESTAT:TEC00023(1.0),Total general government expenditure,A,Annual,PC_GDP,Percentage of gross domestic product (GDP),TE,Total general government expenditure,S13,General government,LU,Luxembourg,2021,,42.4,,,,,
dataflow,ESTAT:TEC00023(1.0),Total general government expenditure,A,Annual,PC_GDP,Percentage of gross domestic product (GDP),TE,Total general government expenditure,S13,General government,LU,Luxembourg,2022,,44.3,,,,,
dataflow,ESTAT:TEC00023(1.0),Total general government expenditure,A,Annual,PC_GDP,Percentage of gross domestic product (GDP),TE,Total general government expenditure,S13,General government,LU,Luxembourg,2023,,47.0,,,,,
dataflow,ESTAT:TEC00023(1.0),Total general government expenditure,A,Annual,PC_GDP,Percentage of gross domestic product (GDP),TE,Total general government expenditure,S13,General government,LU,Luxembourg,2024,,46.9,,,,,
dataflow,ESTAT:TEC00023(1.0),Total general government expenditure,A,Annual,PC_GDP,Percentage of gross domestic product (GDP),TE,Total general government expenditure,S13,General government,LV,Latvia,2013,,39.9,,,,,
dataflow,ESTAT:TEC00023(1.0),Total general government expenditure,A,Annual,PC_GDP,Percentage of gross domestic product (GDP),TE,Total general government expenditure,S13,General government,LV,Latvia,2014,,40.4,,,,,
dataflow,ESTAT:TEC00023(1.0),Total general government expenditure,A,Annual,PC_GDP,Percentage of gross domestic product (GDP),TE,Total general government expenditure,S13,General government,LV,Latvia,2015,,40.0,,,,,
dataflow,ESTAT:TEC00023(1.0),Total general government expenditure,A,Annual,PC_GDP,Percentage of gross domestic product (GDP),TE,Total general government expenditure,S13,General government,LV,Latvia,2016,,38.8,,,,,
dataflow,ESTAT:TEC00023(1.0),Total general government expenditure,A,Annual,PC_GDP,Percentage of gross domestic product (GDP),TE,Total general government expenditure,S13,General government,LV,Latvia,2017,,39.6,,,,,
dataflow,ESTAT:TEC00023(1.0),Total general government expenditure,A,Annual,PC_GDP,Percentage of gross domestic product (GDP),TE,Total general government expenditure,S13,General government,LV,Latvia,2018,,40.7,,,,,
dataflow,ESTAT:TEC00023(1.0),Total general government expenditure,A,Annual,PC_GDP,Percentage of gross domestic product (GDP),TE,Total general government expenditure,S13,General government,LV,Latvia,2019,,39.7,,,,,
dataflow,ESTAT:TEC00023(1.0),Total general government expenditure,A,Annual,PC_GDP,Percentage of gross domestic product (GDP),TE,Total general government expenditure,S13,General government,LV,Latvia,2020,,44.3,,,,,
dataflow,ESTAT:TEC00023(1.0),Total general government expenditure,A,Annual,PC_GDP,Percentage of gross domestic product (GDP),TE,Total general government expenditure,S13,General government,LV,Latvia,2021,,46.5,,,,,
dataflow,ESTAT:TEC00023(1.0),Total general government expenditure,A,Annual,PC_GDP,Percentage of gross domestic product (GDP),TE,Total general government expenditure,S13,General government,LV,Latvia,2022,,44.2,,,,,
dataflow,ESTAT:TEC00023(1.0),Total general government expenditure,A,Annual,PC_GDP,Percentage of gross domestic product (GDP),TE,Total general government expenditure,S13,General government,LV,Latvia,2023,,43.7,,,,,
dataflow,ESTAT:TEC00023(1.0),Total general government expenditure,A,Annual,PC_GDP,Percentage of gross domestic product (GDP),TE,Total general government expenditure,S13,General government,LV,Latvia,2024,,45.7,,,,,
dataflow,ESTAT:TEC00023(1.0),Total general government expenditure,A,Annual,PC_GDP,Percentage of gross domestic product (GDP),TE,Total general government expenditure,S13,General government,MT,Malta,2013,,40.1,,,,,
dataflow,ESTAT:TEC00023(1.0),Total general government expenditure,A,Annual,PC_GDP,Percentage of gross domestic product (GDP),TE,Total general government expenditure,S13,General government,MT,Malta,2014,,39.6,,,,,
dataflow,ESTAT:TEC00023(1.0),Total general government expenditure,A,Annual,PC_GDP,Percentage of gross domestic product (GDP),TE,Total general government expenditure,S13,General government,MT,Malta,2015,,37.8,,,,,
dataflow,ESTAT:TEC00023(1.0),Total general government expenditure,A,Annual,PC_GDP,Percentage of gross domestic product (GDP),TE,Total general government expenditure,S13,General government,MT,Malta,2016,,35.5,,,,,
dataflow,ESTAT:TEC00023(1.0),Total general government expenditure,A,Annual,PC_GDP,Percentage of gross domestic product (GDP),TE,Total general government expenditure,S13,General government,MT,Malta,2017,,32.7,,,,,
dataflow,ESTAT:TEC00023(1.0),Total general government expenditure,A,Annual,PC_GDP,Percentage of gross domestic product (GDP),TE,Total general government expenditure,S13,General government,MT,Malta,2018,,34.5,,,,,
dataflow,ESTAT:TEC00023(1.0),Total general government expenditure,A,Annual,PC_GDP,Percentage of gross domestic product (GDP),TE,Total general government expenditure,S13,General government,MT,Malta,2019,,34.9,,,,,
dataflow,ESTAT:TEC00023(1.0),Total general government expenditure,A,Annual,PC_GDP,Percentage of gross domestic product (GDP),TE,Total general government expenditure,S13,General government,MT,Malta,2020,,42.1,,,,,
dataflow,ESTAT:TEC00023(1.0),Total general government expenditure,A,Annual,PC_GDP,Percentage of gross domestic product (GDP),TE,Total general government expenditure,S13,General government,MT,Malta,2021,,39.5,,,,,
dataflow,ESTAT:TEC00023(1.0),Total general government expenditure,A,Annual,PC_GDP,Percentage of gross domestic product (GDP),TE,Total general government expenditure,S13,General government,MT,Malta,2022,,37.7,,,,,
dataflow,ESTAT:TEC00023(1.0),Total general government expenditure,A,Annual,PC_GDP,Percentage of gross domestic product (GDP),TE,Total general government expenditure,S13,General government,MT,Malta,2023,,36.7,,,,,
dataflow,ESTAT:TEC00023(1.0),Total general government expenditure,A,Annual,PC_GDP,Percentage of gross domestic product (GDP),TE,Total general government expenditure,S13,General government,MT,Malta,2024,,38.3,,,,,
dataflow,ESTAT:TEC00023(1.0),Total general government expenditure,A,Annual,PC_GDP,Percentage of gross domestic product (GDP),TE,Total general government expenditure,S13,General government,NL,Netherlands,2013,,47.5,,,,,
dataflow,ESTAT:TEC00023(1.0),Total general government expenditure,A,Annual,PC_GDP,Percentage of gross domestic product (GDP),TE,Total general government expenditure,S13,General government,NL,Netherlands,2014,,46.7,,,,,
dataflow,ESTAT:TEC00023(1.0),Total general government expenditure,A,Annual,PC_GDP,Percentage of gross domestic product (GDP),TE,Total general government expenditure,S13,General government,NL,Netherlands,2015,,45.3,,,,,
dataflow,ESTAT:TEC00023(1.0),Total general government expenditure,A,Annual,PC_GDP,Percentage of gross domestic product (GDP),TE,Total general government expenditure,S13,General government,NL,Netherlands,2016,,43.9,,,,,
dataflow,ESTAT:TEC00023(1.0),Total general government expenditure,A,Annual,PC_GDP,Percentage of gross domestic product (GDP),TE,Total general government expenditure,S13,General government,NL,Netherlands,2017,,42.8,,,,,
dataflow,ESTAT:TEC00023(1.0),Total general government expenditure,A,Annual,PC_GDP,Percentage of gross domestic product (GDP),TE,Total general government expenditure,S13,General government,NL,Netherlands,2018,,42.4,,,,,
dataflow,ESTAT:TEC00023(1.0),Total general government expenditure,A,Annual,PC_GDP,Percentage of gross domestic product (GDP),TE,Total general government expenditure,S13,General government,NL,Netherlands,2019,,42.1,,,,,
dataflow,ESTAT:TEC00023(1.0),Total general government expenditure,A,Annual,PC_GDP,Percentage of gross domestic product (GDP),TE,Total general government expenditure,S13,General government,NL,Netherlands,2020,,47.8,,,,,
dataflow,ESTAT:TEC00023(1.0),Total general government expenditure,A,Annual,PC_GDP,Percentage of gross domestic product (GDP),TE,Total general government expenditure,S13,General government,NL,Netherlands,2021,,45.9,,,,,
dataflow,ESTAT:TEC00023(1.0),Total general government expenditure,A,Annual,PC_GDP,Percentage of gross domestic product (GDP),TE,Total general government expenditure,S13,General government,NL,Netherlands,2022,,43.3,,,,,
dataflow,ESTAT:TEC00023(1.0),Total general government expenditure,A,Annual,PC_GDP,Percentage of gross domestic product (GDP),TE,Total general government expenditure,S13,General government,NL,Netherlands,2023,,44.0,,,,,
dataflow,ESTAT:TEC00023(1.0),Total general government expenditure,A,Annual,PC_GDP,Percentage of gross domestic product (GDP),TE,Total general government expenditure,S13,General government,NL,Netherlands,2024,,44.4,,p,provisional,,
dataflow,ESTAT:TEC00023(1.0),Total general government expenditure,A,Annual,PC_GDP,Percentage of gross domestic product (GDP),TE,Total general government expenditure,S13,General government,NO,Norway,2013,,44.1,,,,,
dataflow,ESTAT:TEC00023(1.0),Total general government expenditure,A,Annual,PC_GDP,Percentage of gross domestic product (GDP),TE,Total general government expenditure,S13,General government,NO,Norway,2014,,45.9,,,,,
dataflow,ESTAT:TEC00023(1.0),Total general government expenditure,A,Annual,PC_GDP,Percentage of gross domestic product (GDP),TE,Total general government expenditure,S13,General government,NO,Norway,2015,,49.0,,,,,
dataflow,ESTAT:TEC00023(1.0),Total general government expenditure,A,Annual,PC_GDP,Percentage of gross domestic product (GDP),TE,Total general government expenditure,S13,General government,NO,Norway,2016,,51.2,,,,,
dataflow,ESTAT:TEC00023(1.0),Total general government expenditure,A,Annual,PC_GDP,Percentage of gross domestic product (GDP),TE,Total general government expenditure,S13,General government,NO,Norway,2017,,50.1,,,,,
dataflow,ESTAT:TEC00023(1.0),Total general government expenditure,A,Annual,PC_GDP,Percentage of gross domestic product (GDP),TE,Total general government expenditure,S13,General government,NO,Norway,2018,,48.5,,,,,
dataflow,ESTAT:TEC00023(1.0),Total general government expenditure,A,Annual,PC_GDP,Percentage of gross domestic product (GDP),TE,Total general government expenditure,S13,General government,NO,Norway,2019,,51.1,,,,,
dataflow,ESTAT:TEC00023(1.0),Total general government expenditure,A,Annual,PC_GDP,Percentage of gross domestic product (GDP),TE,Total general government expenditure,S13,General government,NO,Norway,2020,,57.6,,,,,
dataflow,ESTAT:TEC00023(1.0),Total general government expenditure,A,Annual,PC_GDP,Percentage of gross domestic product (GDP),TE,Total general government expenditure,S13,General government,NO,Norway,2021,,47.1,,,,,
dataflow,ESTAT:TEC00023(1.0),Total general government expenditure,A,Annual,PC_GDP,Percentage of gross domestic product (GDP),TE,Total general government expenditure,S13,General government,NO,Norway,2022,,38.1,,,,,
dataflow,ESTAT:TEC00023(1.0),Total general government expenditure,A,Annual,PC_GDP,Percentage of gross domestic product (GDP),TE,Total general government expenditure,S13,General government,NO,Norway,2023,,46.7,,,,,
dataflow,ESTAT:TEC00023(1.0),Total general government expenditure,A,Annual,PC_GDP,Percentage of gross domestic product (GDP),TE,Total general government expenditure,S13,General government,NO,Norway,2024,,49.3,,,,,
dataflow,ESTAT:TEC00023(1.0),Total general government expenditure,A,Annual,PC_GDP,Percentage of gross domestic product (GDP),TE,Total general government expenditure,S13,General government,PL,Poland,2013,,43.2,,,,,
dataflow,ESTAT:TEC00023(1.0),Total general government expenditure,A,Annual,PC_GDP,Percentage of gross domestic product (GDP),TE,Total general government expenditure,S13,General government,PL,Poland,2014,,42.7,,,,,
dataflow,ESTAT:TEC00023(1.0),Total general government expenditure,A,Annual,PC_GDP,Percentage of gross domestic product (GDP),TE,Total general government expenditure,S13,General government,PL,Poland,2015,,41.5,,,,,
dataflow,ESTAT:TEC00023(1.0),Total general government expenditure,A,Annual,PC_GDP,Percentage of gross domestic product (GDP),TE,Total general government expenditure,S13,General government,PL,Poland,2016,,41.1,,,,,
dataflow,ESTAT:TEC00023(1.0),Total general government expenditure,A,Annual,PC_GDP,Percentage of gross domestic product (GDP),TE,Total general government expenditure,S13,General government,PL,Poland,2017,,41.1,,,,,
dataflow,ESTAT:TEC00023(1.0),Total general government expenditure,A,Annual,PC_GDP,Percentage of gross domestic product (GDP),TE,Total general government expenditure,S13,General government,PL,Poland,2018,,41.0,,,,,
dataflow,ESTAT:TEC00023(1.0),Total general government expenditure,A,Annual,PC_GDP,Percentage of gross domestic product (GDP),TE,Total general government expenditure,S13,General government,PL,Poland,2019,,41.4,,,,,
dataflow,ESTAT:TEC00023(1.0),Total general government expenditure,A,Annual,PC_GDP,Percentage of gross domestic product (GDP),TE,Total general government expenditure,S13,General government,PL,Poland,2020,,47.7,,,,,
dataflow,ESTAT:TEC00023(1.0),Total general government expenditure,A,Annual,PC_GDP,Percentage of gross domestic product (GDP),TE,Total general government expenditure,S13,General government,PL,Poland,2021,,43.6,,,,,
dataflow,ESTAT:TEC00023(1.0),Total general government expenditure,A,Annual,PC_GDP,Percentage of gross domestic product (GDP),TE,Total general government expenditure,S13,General government,PL,Poland,2022,,43.2,,,,,
dataflow,ESTAT:TEC00023(1.0),Total general government expenditure,A,Annual,PC_GDP,Percentage of gross domestic product (GDP),TE,Total general government expenditure,S13,General government,PL,Poland,2023,,46.9,,,,,
dataflow,ESTAT:TEC00023(1.0),Total general government expenditure,A,Annual,PC_GDP,Percentage of gross domestic product (GDP),TE,Total general government expenditure,S13,General government,PL,Poland,2024,,49.4,,,,,
dataflow,ESTAT:TEC00023(1.0),Total general government expenditure,A,Annual,PC_GDP,Percentage of gross domestic product (GDP),TE,Total general government expenditure,S13,General government,PT,Portugal,2013,,50.0,,,,,
dataflow,ESTAT:TEC00023(1.0),Total general government expenditure,A,Annual,PC_GDP,Percentage of gross domestic product (GDP),TE,Total general government expenditure,S13,General government,PT,Portugal,2014,,51.7,,,,,
dataflow,ESTAT:TEC00023(1.0),Total general government expenditure,A,Annual,PC_GDP,Percentage of gross domestic product (GDP),TE,Total general government expenditure,S13,General government,PT,Portugal,2015,,48.3,,,,,
dataflow,ESTAT:TEC00023(1.0),Total general government expenditure,A,Annual,PC_GDP,Percentage of gross domestic product (GDP),TE,Total general government expenditure,S13,General government,PT,Portugal,2016,,44.9,,,,,
dataflow,ESTAT:TEC00023(1.0),Total general government expenditure,A,Annual,PC_GDP,Percentage of gross domestic product (GDP),TE,Total general government expenditure,S13,General government,PT,Portugal,2017,,45.5,,,,,
dataflow,ESTAT:TEC00023(1.0),Total general government expenditure,A,Annual,PC_GDP,Percentage of gross domestic product (GDP),TE,Total general government expenditure,S13,General government,PT,Portugal,2018,,43.3,,,,,
dataflow,ESTAT:TEC00023(1.0),Total general government expenditure,A,Annual,PC_GDP,Percentage of gross domestic product (GDP),TE,Total general government expenditure,S13,General government,PT,Portugal,2019,,42.5,,,,,
dataflow,ESTAT:TEC00023(1.0),Total general government expenditure,A,Annual,PC_GDP,Percentage of gross domestic product (GDP),TE,Total general government expenditure,S13,General government,PT,Portugal,2020,,49.1,,,,,
dataflow,ESTAT:TEC00023(1.0),Total general government expenditure,A,Annual,PC_GDP,Percentage of gross domestic product (GDP),TE,Total general government expenditure,S13,General government,PT,Portugal,2021,,47.3,,,,,
dataflow,ESTAT:TEC00023(1.0),Total general government expenditure,A,Annual,PC_GDP,Percentage of gross domestic product (GDP),TE,Total general government expenditure,S13,General government,PT,Portugal,2022,,43.9,,,,,
dataflow,ESTAT:TEC00023(1.0),Total general government expenditure,A,Annual,PC_GDP,Percentage of gross domestic product (GDP),TE,Total general government expenditure,S13,General government,PT,Portugal,2023,,42.3,,,,,
dataflow,ESTAT:TEC00023(1.0),Total general government expenditure,A,Annual,PC_GDP,Percentage of gross domestic product (GDP),TE,Total general government expenditure,S13,General government,PT,Portugal,2024,,42.8,,,,,
dataflow,ESTAT:TEC00023(1.0),Total general government expenditure,A,Annual,PC_GDP,Percentage of gross domestic product (GDP),TE,Total general government expenditure,S13,General government,RO,Romania,2013,,35.8,,,,,
dataflow,ESTAT:TEC00023(1.0),Total general government expenditure,A,Annual,PC_GDP,Percentage of gross domestic product (GDP),TE,Total general government expenditure,S13,General government,RO,Romania,2014,,35.5,,,,,
dataflow,ESTAT:TEC00023(1.0),Total general government expenditure,A,Annual,PC_GDP,Percentage of gross domestic product (GDP),TE,Total general government expenditure,S13,General government,RO,Romania,2015,,35.9,,,,,
dataflow,ESTAT:TEC00023(1.0),Total general government expenditure,A,Annual,PC_GDP,Percentage of gross domestic product (GDP),TE,Total general government expenditure,S13,General government,RO,Romania,2016,,34.8,,,,,
dataflow,ESTAT:TEC00023(1.0),Total general government expenditure,A,Annual,PC_GDP,Percentage of gross domestic product (GDP),TE,Total general government expenditure,S13,General government,RO,Romania,2017,,33.6,,,,,
dataflow,ESTAT:TEC00023(1.0),Total general government expenditure,A,Annual,PC_GDP,Percentage of gross domestic product (GDP),TE,Total general government expenditure,S13,General government,RO,Romania,2018,,34.3,,,,,
dataflow,ESTAT:TEC00023(1.0),Total general government expenditure,A,Annual,PC_GDP,Percentage of gross domestic product (GDP),TE,Total general government expenditure,S13,General government,RO,Romania,2019,,36.1,,,,,
dataflow,ESTAT:TEC00023(1.0),Total general government expenditure,A,Annual,PC_GDP,Percentage of gross domestic product (GDP),TE,Total general government expenditure,S13,General government,RO,Romania,2020,,41.5,,,,,
dataflow,ESTAT:TEC00023(1.0),Total general government expenditure,A,Annual,PC_GDP,Percentage of gross domestic product (GDP),TE,Total general government expenditure,S13,General government,RO,Romania,2021,,39.8,,,,,
dataflow,ESTAT:TEC00023(1.0),Total general government expenditure,A,Annual,PC_GDP,Percentage of gross domestic product (GDP),TE,Total general government expenditure,S13,General government,RO,Romania,2022,,40.7,,,,,
dataflow,ESTAT:TEC00023(1.0),Total general government expenditure,A,Annual,PC_GDP,Percentage of gross domestic product (GDP),TE,Total general government expenditure,S13,General government,RO,Romania,2023,,40.6,,,,,
dataflow,ESTAT:TEC00023(1.0),Total general government expenditure,A,Annual,PC_GDP,Percentage of gross domestic product (GDP),TE,Total general government expenditure,S13,General government,RO,Romania,2024,,43.5,,,,,
dataflow,ESTAT:TEC00023(1.0),Total general government expenditure,A,Annual,PC_GDP,Percentage of gross domestic product (GDP),TE,Total general government expenditure,S13,General government,SE,Sweden,2013,,52.4,,,,,
dataflow,ESTAT:TEC00023(1.0),Total general government expenditure,A,Annual,PC_GDP,Percentage of gross domestic product (GDP),TE,Total general government expenditure,S13,General government,SE,Sweden,2014,,51.8,,,,,
dataflow,ESTAT:TEC00023(1.0),Total general government expenditure,A,Annual,PC_GDP,Percentage of gross domestic product (GDP),TE,Total general government expenditure,S13,General government,SE,Sweden,2015,,50.3,,,,,
dataflow,ESTAT:TEC00023(1.0),Total general government expenditure,A,Annual,PC_GDP,Percentage of gross domestic product (GDP),TE,Total general government expenditure,S13,General government,SE,Sweden,2016,,50.5,,,,,
dataflow,ESTAT:TEC00023(1.0),Total general government expenditure,A,Annual,PC_GDP,Percentage of gross domestic product (GDP),TE,Total general government expenditure,S13,General government,SE,Sweden,2017,,50.3,,,,,
dataflow,ESTAT:TEC00023(1.0),Total general government expenditure,A,Annual,PC_GDP,Percentage of gross domestic product (GDP),TE,Total general government expenditure,S13,General government,SE,Sweden,2018,,50.8,,,,,
dataflow,ESTAT:TEC00023(1.0),Total general government expenditure,A,Annual,PC_GDP,Percentage of gross domestic product (GDP),TE,Total general government expenditure,S13,General government,SE,Sweden,2019,,49.8,,,,,
dataflow,ESTAT:TEC00023(1.0),Total general government expenditure,A,Annual,PC_GDP,Percentage of gross domestic product (GDP),TE,Total general government expenditure,S13,General government,SE,Sweden,2020,,53.1,,,,,
dataflow,ESTAT:TEC00023(1.0),Total general government expenditure,A,Annual,PC_GDP,Percentage of gross domestic product (GDP),TE,Total general government expenditure,S13,General government,SE,Sweden,2021,,50.4,,,,,
dataflow,ESTAT:TEC00023(1.0),Total general government expenditure,A,Annual,PC_GDP,Percentage of gross domestic product (GDP),TE,Total general government expenditure,S13,General government,SE,Sweden,2022,,49.4,,,,,
dataflow,ESTAT:TEC00023(1.0),Total general government expenditure,A,Annual,PC_GDP,Percentage of gross domestic product (GDP),TE,Total general government expenditure,S13,General government,SE,Sweden,2023,,50.0,,,,,
dataflow,ESTAT:TEC00023(1.0),Total general government expenditure,A,Annual,PC_GDP,Percentage of gross domestic product (GDP),TE,Total general government expenditure,S13,General government,SE,Sweden,2024,,50.5,,,,,
dataflow,ESTAT:TEC00023(1.0),Total general government expenditure,A,Annual,PC_GDP,Percentage of gross domestic product (GDP),TE,Total general government expenditure,S13,General government,SI,Slovenia,2013,,57.7,,,,,
dataflow,ESTAT:TEC00023(1.0),Total general government expenditure,A,Annual,PC_GDP,Percentage of gross domestic product (GDP),TE,Total general government expenditure,S13,General government,SI,Slovenia,2014,,50.6,,,,,
dataflow,ESTAT:TEC00023(1.0),Total general government expenditure,A,Annual,PC_GDP,Percentage of gross domestic product (GDP),TE,Total general government expenditure,S13,General government,SI,Slovenia,2015,,49.5,,,,,
dataflow,ESTAT:TEC00023(1.0),Total general government expenditure,A,Annual,PC_GDP,Percentage of gross domestic product (GDP),TE,Total general government expenditure,S13,General government,SI,Slovenia,2016,,46.9,,,,,
dataflow,ESTAT:TEC00023(1.0),Total general government expenditure,A,Annual,PC_GDP,Percentage of gross domestic product (GDP),TE,Total general government expenditure,S13,General government,SI,Slovenia,2017,,44.6,,,,,
dataflow,ESTAT:TEC00023(1.0),Total general government expenditure,A,Annual,PC_GDP,Percentage of gross domestic product (GDP),TE,Total general government expenditure,S13,General government,SI,Slovenia,2018,,44.1,,,,,
dataflow,ESTAT:TEC00023(1.0),Total general government expenditure,A,Annual,PC_GDP,Percentage of gross domestic product (GDP),TE,Total general government expenditure,S13,General government,SI,Slovenia,2019,,43.8,,,,,
dataflow,ESTAT:TEC00023(1.0),Total general government expenditure,A,Annual,PC_GDP,Percentage of gross domestic product (GDP),TE,Total general government expenditure,S13,General government,SI,Slovenia,2020,,51.8,,,,,
dataflow,ESTAT:TEC00023(1.0),Total general government expenditure,A,Annual,PC_GDP,Percentage of gross domestic product (GDP),TE,Total general government expenditure,S13,General government,SI,Slovenia,2021,,49.9,,,,,
dataflow,ESTAT:TEC00023(1.0),Total general government expenditure,A,Annual,PC_GDP,Percentage of gross domestic product (GDP),TE,Total general government expenditure,S13,General government,SI,Slovenia,2022,,47.7,,,,,
dataflow,ESTAT:TEC00023(1.0),Total general government expenditure,A,Annual,PC_GDP,Percentage of gross domestic product (GDP),TE,Total general government expenditure,S13,General government,SI,Slovenia,2023,,46.5,,,,,
dataflow,ESTAT:TEC00023(1.0),Total general government expenditure,A,Annual,PC_GDP,Percentage of gross domestic product (GDP),TE,Total general government expenditure,S13,General government,SI,Slovenia,2024,,46.8,,,,,
dataflow,ESTAT:TEC00023(1.0),Total general government expenditure,A,Annual,PC_GDP,Percentage of gross domestic product (GDP),TE,Total general government expenditure,S13,General government,SK,Slovakia,2013,,41.1,,,,,
dataflow,ESTAT:TEC00023(1.0),Total general government expenditure,A,Annual,PC_GDP,Percentage of gross domestic product (GDP),TE,Total general government expenditure,S13,General government,SK,Slovakia,2014,,42.0,,,,,
dataflow,ESTAT:TEC00023(1.0),Total general government expenditure,A,Annual,PC_GDP,Percentage of gross domestic product (GDP),TE,Total general government expenditure,S13,General government,SK,Slovakia,2015,,44.1,,,,,
dataflow,ESTAT:TEC00023(1.0),Total general government expenditure,A,Annual,PC_GDP,Percentage of gross domestic product (GDP),TE,Total general government expenditure,S13,General government,SK,Slovakia,2016,,40.9,,,,,
dataflow,ESTAT:TEC00023(1.0),Total general government expenditure,A,Annual,PC_GDP,Percentage of gross domestic product (GDP),TE,Total general government expenditure,S13,General government,SK,Slovakia,2017,,39.8,,,,,
dataflow,ESTAT:TEC00023(1.0),Total general government expenditure,A,Annual,PC_GDP,Percentage of gross domestic product (GDP),TE,Total general government expenditure,S13,General government,SK,Slovakia,2018,,39.7,,,,,
dataflow,ESTAT:TEC00023(1.0),Total general government expenditure,A,Annual,PC_GDP,Percentage of gross domestic product (GDP),TE,Total general government expenditure,S13,General government,SK,Slovakia,2019,,40.6,,,,,
dataflow,ESTAT:TEC00023(1.0),Total general government expenditure,A,Annual,PC_GDP,Percentage of gross domestic product (GDP),TE,Total general government expenditure,S13,General government,SK,Slovakia,2020,,44.5,,,,,
dataflow,ESTAT:TEC00023(1.0),Total general government expenditure,A,Annual,PC_GDP,Percentage of gross domestic product (GDP),TE,Total general government expenditure,S13,General government,SK,Slovakia,2021,,44.9,,,,,
dataflow,ESTAT:TEC00023(1.0),Total general government expenditure,A,Annual,PC_GDP,Percentage of gross domestic product (GDP),TE,Total general government expenditure,S13,General government,SK,Slovakia,2022,,43.0,,,,,
dataflow,ESTAT:TEC00023(1.0),Total general government expenditure,A,Annual,PC_GDP,Percentage of gross domestic product (GDP),TE,Total general government expenditure,S13,General government,SK,Slovakia,2023,,48.0,,,,,
dataflow,ESTAT:TEC00023(1.0),Total general government expenditure,A,Annual,PC_GDP,Percentage of gross domestic product (GDP),TE,Total general government expenditure,S13,General government,SK,Slovakia,2024,,47.1,,,,,
